a) TCL COMMANDS

1.Commit
*********
mysql> set autocommit=off;
Query OK, 0 rows affected (0.00 sec)

mysql> select * from employee;
+------+-------+------------+------+----------+
| ssn  | name  | city       | dob  | adhar_no |
+------+-------+------------+------+----------+
|    1 | lily  | amsterdam  | 1998 |  5678544 |
|    2 | john  | washington | 1999 |  5678545 |
|    3 | peter | xavincoz   | 1997 |  5678546 |
|    4 | sam   | turkeshia  | 2010 |  5678548 |
+------+-------+------------+------+----------+
4 rows in set (0.00 sec)

mysql> insert into employee values(5,'shrab','dubai',1996,5668733);
Query OK, 1 row affected (0.00 sec)

mysql> commit;
Query OK, 0 rows affected (0.42 sec)

mysql> select * from employee;
+------+-------+------------+------+----------+
| ssn  | name  | city       | dob  | adhar_no |
+------+-------+------------+------+----------+
|    1 | lily  | amsterdam  | 1998 |  5678544 |
|    2 | john  | washington | 1999 |  5678545 |
|    3 | peter | xavincoz   | 1997 |  5678546 |
|    4 | sam   | turkeshia  | 2010 |  5678548 |
|    5 | shrab | dubai      | 1996 |  5668733 |
+------+-------+------------+------+----------+
5 rows in set (0.00 sec)
---------------------------------------------------------------------------------------------------------------------------------------------------------


2.Rollback
***********
mysql> insert into employee values(6,'janvi','udhaipur',1995,5668700);
Query OK, 1 row affected (0.00 sec)

mysql> select * from employee;
+------+-------+------------+------+----------+
| ssn  | name  | city       | dob  | adhar_no |
+------+-------+------------+------+----------+
|    1 | lily  | amsterdam  | 1998 |  5678544 |
|    2 | john  | washington | 1999 |  5678545 |
|    3 | peter | xavincoz   | 1997 |  5678546 |
|    4 | sam   | turkeshia  | 2010 |  5678548 |
|    5 | shrab | dubai      | 1996 |  5668733 |
|    6 | janvi | udhaipur   | 1995 |  5668700 |
+------+-------+------------+------+----------+
6 rows in set (0.01 sec)

mysql> rollback;
Query OK, 0 rows affected (0.09 sec)

mysql> select * from employee;
+------+-------+------------+------+----------+
| ssn  | name  | city       | dob  | adhar_no |
+------+-------+------------+------+----------+
|    1 | lily  | amsterdam  | 1998 |  5678544 |
|    2 | john  | washington | 1999 |  5678545 |
|    3 | peter | xavincoz   | 1997 |  5678546 |
|    4 | sam   | turkeshia  | 2010 |  5678548 |
|    5 | shrab | dubai      | 1996 |  5668733 |
+------+-------+------------+------+----------+
5 rows in set (0.01 sec)
---------------------------------------------------------------------------------------------------------------------------------------------------------

3.Savepoint
************
mysql> insert into employee values(8,'deepan','cochi',1993,5668709);
Query OK, 1 row affected (0.00 sec)

mysql> savepoint s1;
Query OK, 0 rows affected (0.00 sec)

mysql> insert into employee values(9,'gayathri','kollam',1994,5668711);
Query OK, 1 row affected (0.00 sec)

mysql> savepoint s2;
Query OK, 0 rows affected (0.00 sec)

mysql> insert into employee values(10,'dua','calicut',1999,5668710);
Query OK, 1 row affected (0.00 sec)

mysql> savepoint s3;
Query OK, 0 rows affected (0.00 sec)

mysql> select * from employee;
+------+----------+------------+------+----------+
| ssn  | name     | city       | dob  | adhar_no |
+------+----------+------------+------+----------+
|    1 | lily     | amsterdam  | 1998 |  5678544 |
|    2 | john     | washington | 1999 |  5678545 |
|    3 | peter    | xavincoz   | 1997 |  5678546 |
|    4 | sam      | turkeshia  | 2010 |  5678548 |
|    5 | shrab    | dubai      | 1996 |  5668733 |
|    7 | shanti   | bangalore  | 1994 |  5668712 |
|    8 | deepan   | cochi      | 1993 |  5668709 |
|    9 | gayathri | kollam     | 1994 |  5668711 |
|   10 | dua      | calicut    | 1999 |  5668710 |
+------+----------+------------+------+----------+
9 rows in set (0.00 sec)

mysql> rollback to s2;
Query OK, 0 rows affected (0.00 sec)

mysql> select * from employee;
+------+----------+------------+------+----------+
| ssn  | name     | city       | dob  | adhar_no |
+------+----------+------------+------+----------+
|    1 | lily     | amsterdam  | 1998 |  5678544 |
|    2 | john     | washington | 1999 |  5678545 |
|    3 | peter    | xavincoz   | 1997 |  5678546 |
|    4 | sam      | turkeshia  | 2010 |  5678548 |
|    5 | shrab    | dubai      | 1996 |  5668733 |
|    7 | shanti   | bangalore  | 1994 |  5668712 |
|    8 | deepan   | cochi      | 1993 |  5668709 |
|    9 | gayathri | kollam     | 1994 |  5668711 |
+------+----------+------------+------+----------+
8 rows in set (0.00 sec)
---------------------------------------------------------------------------------------------------------------------------------------------------------

b) DCL COMMAND
Create two users user1, user2

1.GRANT
********
1> Give insert and select privilege to user 1 on customer table in the invoice database.


mysql> create user 'user1'@'localhost' identified by 'pass1';
Query OK, 0 rows affected (0.00 sec)

mysql> create user 'user2'@'localhost' identified by 'pass2';
Query OK, 0 rows affected (0.00 sec)

mysql> show grants for 'user1'@'localhost';
+---------------------------------------------------------------------+
| Grants for user1@localhost                                          |
+---------------------------------------------------------------------+
| GRANT USAGE ON *.* TO 'user1'@'localhost'                           |
| GRANT SELECT, INSERT ON `invoice`.`customer` TO 'user1'@'localhost' |
+---------------------------------------------------------------------+
2 rows in set (0.01 sec)
.............................................................................................................................................................

2> Give update and delete privilege to user 2 on all tables in the invoice database.

mysql> GRANT DELETE,UPDATE ON INVOICE.* TO 'user2'@'localhost';
Query OK, 0 rows affected (0.00 sec)

mysql> show grants for 'user2'@'localhost';
+------------------------------------------------------------+
| Grants for user2@localhost                                 |
+------------------------------------------------------------+
| GRANT USAGE ON *.* TO 'user2'@'localhost'                  |
| GRANT UPDATE, DELETE ON `INVOICE`.* TO 'user2'@'localhost' |
+------------------------------------------------------------+
2 rows in set (0.00 sec)

-----------------------------------------------------------------------------------------------------------------------------------------------------------


2.REVOKE
*********
a> Remove delete privilege of user 2.
mysql> revoke delete ON INVOICE.* from 'user2'@'localhost';
Query OK, 0 rows affected (0.00 sec)

mysql> show grants for 'user2'@'localhost';
+----------------------------------------------------+
| Grants for user2@localhost                         |
+----------------------------------------------------+
| GRANT USAGE ON *.* TO 'user2'@'localhost'          |
| GRANT UPDATE ON `INVOICE`.* TO 'user2'@'localhost' |
+----------------------------------------------------+
2 rows in set (0.00 sec)

//VERIFIED


