Experiment No : 1.8 Optimizing Database:(Joins)

mysql> select * from customer;
+----+-----------+-----------------+----------+------------+
| id | name      | address         | city     | ph_no      |
+----+-----------+-----------------+----------+------------+
|  1 | raghav    | abc street      | thrissur | 987787723  |
|  2 | ram       | vietname street | kolkata  | 9877877222 |
|  3 | charu     | apple street    | patna    | 98778747   |
|  4 | arundati  | moon street     | iceland  | 987787755  |
|  5 | aparna    | gujarat street  | jarkhand | NULL       |
|  6 | john      | garden street   | chennai  | 9846585275 |
|  7 | joy       | national street | haryana  | NULL       |
|  8 | chandrika | her street      | chennai  | 98976577   |
|  9 | mahi      | his street      | chennai  | 98976522   |
| 10 | ishani    | the street      | chennai  | 98976500   |
+----+-----------+-----------------+----------+------------+
10 rows in set (0.00 sec)


mysql> select * from product;
+-----+-------------+-------+
| pid | pname       | price |
+-----+-------------+-------+
|   1 | chocolate   |   102 |
|   2 | paste       |   255 |
|   3 | brush       |   192 |
|   4 | ice cream   |   306 |
|   5 | cookies     |   326 |
|   6 | cool drinks |   561 |
|   7 | pencil      |   714 |
+-----+-------------+-------+
7 rows in set (0.00 sec)


mysql> select * from invoice_master;
+--------+---------+------------+
| inv_id | cust_id | inv_date   |
+--------+---------+------------+
|    100 |       1 | 2022-03-11 |
|    101 |       2 | 2022-07-21 |
|    102 |       2 | 2022-07-21 |
|    103 |       3 | 2023-01-01 |
|    104 |       4 | 2023-03-22 |
+--------+---------+------------+
5 rows in set (0.00 sec)


mysql> select * from invoice_item;
+--------+------+----------+
| inv_id | pid  | quantity |
+--------+------+----------+
|    100 |    3 |        9 |
|    101 |    4 |       70 |
|    102 |    5 |        8 |
|    103 |    6 |        8 |
|    102 |    7 |       40 |
+--------+------+----------+
5 rows in set (0.00 sec)

**********************************************************************************************************************************************************
1) List the product name and quantity of invoice items.

mysql> select product.pname,invoice_item.quantity from product inner join invoice_item on product.pid=invoice_item.pid;
+-------------+----------+
| pname       | quantity |
+-------------+----------+
| brush       |        9 |
| ice cream   |       70 |
| cookies     |        8 |
| cool drinks |        8 |
| pencil      |       40 |
+-------------+----------+
5 rows in set (0.00 sec)

**********************************************************************************************************************************************************


2) Display invoice details of the transaction dated ’2022-03-11 ’.
mysql> select customer.name,product.pname,product.price,invoice_master.inv_id,invoice_master.inv_date,invoice_item.quantity from customer inner join invoice_master on customer.id=invoice_master.cust_id inner join invoice_item on invoice_master.inv_id=invoice_item.inv_id inner join product on product .pid=invoice_item.pid where inv_date='2022-03-11 ';
+--------+-------+-------+--------+------------+----------+
| name   | pname | price | inv_id | inv_date   | quantity |
+--------+-------+-------+--------+------------+----------+
| raghav | brush |   192 |    100 | 2022-03-11 |        9 |
+--------+-------+-------+--------+------------+----------+
1 row in set (0.01 sec)
**************************************************************************************************************************************************************

3) Display the customer name, product name, invoice date of purchased item ‘brush’

mysql> select customer.name,product.pname,invoice_master.inv_date from customer inner join invoice_master on customer.id=invoice_master.cust_id inner join invoice_item on invoice_master.inv_id=invoice_item.inv_id inner join product on product.pid=invoice_item.pid where pname='brush';
+--------+-------+------------+
| name   | pname | inv_date   |
+--------+-------+------------+
| raghav | brush | 2022-03-11 |
+--------+-------+------------+
1 row in set (0.00 sec)
***********************************************************************************************************************************************************

4) Display all customer details and invoice details must include customer has not purchased items.

mysql> select customer.name,product.pname,invoice_master.inv_id,invoice_master.inv_date from customer left join invoice_master on customer.id=invoice_master.cust_id left join invoice_item on invoice_master.inv_id=invoice_item.inv_id left join product on product.pid=invoice_item.pid;
+-----------+-------------+--------+------------+
| name      | pname       | inv_id | inv_date   |
+-----------+-------------+--------+------------+
| raghav    | brush       |    100 | 2022-03-11 |
| ram       | ice cream   |    101 | 2022-07-21 |
| ram       | cookies     |    102 | 2022-07-21 |
| charu     | cool drinks |    103 | 2023-01-01 |
| ram       | pencil      |    102 | 2022-07-21 |
| arundati  | NULL        |    104 | 2023-03-22 |
| aparna    | NULL        |   NULL | NULL       |
| john      | NULL        |   NULL | NULL       |
| joy       | NULL        |   NULL | NULL       |
| chandrika | NULL        |   NULL | NULL       |
| mahi      | NULL        |   NULL | NULL       |
| ishani    | NULL        |   NULL | NULL       |
+-----------+-------------+--------+------------+
12 rows in set (0.00 sec)




























